{
  "config": {
    "feature": {
      "feature": {
        "config": {
          "to_place": {
            "default_state": {
              "Name": "minecraft:dandelion"
            },
            "high_chance": 0.33333334,
            "high_states": [
              {
                "Name": "minecraft:poppy"
              },
              {
                "Name": "minecraft:azure_bluet"
              },
              {
                "Name": "minecraft:oxeye_daisy"
              },
              {
                "Name": "minecraft:cornflower"
              }
            ],
            "low_states": [
              {
                "Name": "minecraft:orange_tulip"
              },
              {
                "Name": "minecraft:red_tulip"
              },
              {
                "Name": "minecraft:pink_tulip"
              },
              {
                "Name": "minecraft:white_tulip"
              }
            ],
            "noise": {
              "amplitudes": [
                1
              ],
              "firstOctave": 0
            },
            "scale": 0.005,
            "seed": 2345,
            "threshold": -0.8,
            "type": "minecraft:noise_threshold_provider"
          }
        },
        "type": "minecraft:simple_block"
      },
      "placement": [
        {
          "predicate": {
            "blocks": "minecraft:air",
            "type": "minecraft:matching_blocks"
          },
          "type": "minecraft:block_predicate_filter"
        }
      ]
    },
    "tries": 32,
    "xz_spread": 4,
    "y_spread": 1
  },
  "type": "minecraft:flower"
}