{
  "config": {
    "feature": {
      "feature": {
        "config": {
          "depth": 1,
          "extra_bottom_block_chance": 0,
          "extra_edge_column_chance": 0.5,
          "ground_state": {
            "state": {
              "Name": "minecraft:grass_block"
            },
            "type": "minecraft:simple_state_provider"
          },
          "replaceable": "#minecraft:dirt",
          "surface": "floor",
          "vegetation_chance": 0,
          "vegetation_feature": {
            "feature": {
              "config": {
                "to_place": {
                  "state": {
                    "Name": "minecraft:water"
                  },
                  "type": "minecraft:simple_state_provider"
                }
              },
              "type": "minecraft:simple_block"
            },
            "placement": []
          },
          "vertical_range": 1,
          "xz_radius": {
            "max_inclusive": 4,
            "min_inclusive": 2,
            "type": "minecraft:biased_to_bottom"
          }
        },
        "type": "minecraft:waterlogged_vegetation_patch"
      },
      "placement": []
    },
    "tries": 12,
    "xz_spread": 4,
    "y_spread": 1
  },
  "type": "minecraft:random_patch"
}