{"stats":{"minecraft:custom":{"minecraft:time_since_rest":1631,"minecraft:sprint_one_cm":179596,"minecraft:walk_one_cm":99769,"minecraft:interact_with_anvil":8,"minecraft:mob_kills":9,"minecraft:drop":17,"minecraft:damage_dealt":1411,"minecraft:swim_one_cm":7980,"minecraft:fly_one_cm":1581017,"minecraft:open_barrel":1,"minecraft:crouch_one_cm":444,"minecraft:play_time":136012,"minecraft:sneak_time":959,"minecraft:walk_under_water_one_cm":2782,"minecraft:jump":1371,"minecraft:walk_on_water_one_cm":7039,"minecraft:leave_game":11,"minecraft:time_since_death":136012,"minecraft:sleep_in_bed":1,"minecraft:total_world_time":136012,"minecraft:fall_one_cm":1695},"minecraft:dropped":{"minecraft:filled_map":8,"minecraft:baked_potato":1,"minecraft:cornflower":1,"minecraft:diamond":1,"minecraft:rotten_flesh":1,"minecraft:leather":3,"minecraft:arrow":1,"minecraft:dandelion":1},"minecraft:used":{"minecraft:light_blue_banner":13,"minecraft:dark_oak_stairs":15,"minecraft:iron_axe":18,"minecraft:grass_block":209,"minecraft:spruce_slab":1,"minecraft:barrier":25,"minecraft:axolotl_spawn_egg":4,"minecraft:ender_chest":4,"minecraft:dark_oak_slab":1,"minecraft:barrel":1,"minecraft:item_frame":111,"minecraft:wooden_sword":6,"minecraft:anvil":3,"minecraft:sponge":1,"minecraft:oak_wood":3,"minecraft:tropical_fish_bucket":26,"minecraft:axolotl_bucket":2},"minecraft:picked_up":{"minecraft:stick":8,"minecraft:leather":4,"minecraft:acacia_log":39,"minecraft:dandelion":2,"minecraft:filled_map":42,"minecraft:oak_log":5,"minecraft:lantern":6,"minecraft:cornflower":1,"minecraft:spider_eye":1,"minecraft:string":1,"minecraft:paper":1,"minecraft:item_frame":43,"minecraft:arrow":1,"minecraft:rotten_flesh":1,"minecraft:diamond":1,"minecraft:tropical_fish":3,"minecraft:wheat_seeds":18,"minecraft:bell":2,"minecraft:beef":1,"minecraft:baked_potato":1,"minecraft:oak_sapling":1,"minecraft:mutton":1,"minecraft:acacia_sapling":16,"minecraft:white_wool":1},"minecraft:killed":{"minecraft:sheep":2,"minecraft:horse":2,"minecraft:skeleton":1,"minecraft:armadillo":1,"minecraft:zombie":1,"minecraft:spider":1,"minecraft:cow":1},"minecraft:mined":{"minecraft:short_grass":5,"minecraft:acacia_log":6,"minecraft:oak_log":1,"minecraft:tall_grass":1}},"DataVersion":3953}