{
  "feature": {
    "type": "minecraft:random_selector",
    "config": {
      "features": [
        {
          "chance": 0.02,
          "feature": {
            "feature": "geophilic:tree/huge_mushroom/brown",
            "placement": []
          }
        },
        {
          "chance": 0.04,
          "feature": {
            "feature": "geophilic:tree/huge_mushroom/red",
            "placement": []
          }
        },
        {
          "chance": 0.8,
          "feature": {
            "feature": "geophilic:tree/dark_oak/classic",
            "placement": []
          }
        },
        {
          "chance": 0.5,
          "feature": {
            "feature": "geophilic:tree/dark_oak/slim",
            "placement": []
          }
        },
        {
          "chance": 0.2,
          "feature": {
            "feature": "geophilic:tree/oak/fancy",
            "placement": []
          }
        },
        {
          "chance": 0.1,
          "feature": {
            "feature": "geophilic:tree/birch/classic",
            "placement": []
          }
        }
      ],
      "default": {
        "feature": "geophilic:tree/oak/classic",
        "placement": []
      }
    }
  },
  "placement": [
    {
      "type": "minecraft:count",
      "count": 24
    },
    {
      "type": "minecraft:in_square"
    },
    {
      "type": "minecraft:surface_water_depth_filter",
      "max_water_depth": 0
    },
    {
      "type": "minecraft:heightmap",
      "heightmap": "OCEAN_FLOOR"
    },
    {
      "type": "minecraft:block_predicate_filter",
      "predicate": {
        "type": "minecraft:would_survive",
        "state": {
          "Name": "minecraft:oak_sapling",
          "Properties": {
            "stage": "0"
          }
        }
      }
    },
    {
      "type": "minecraft:biome"
    }
  ]
}