{
  "config": {
    "features": [
      {
        "feature": {
          "config": {
            "allowed_placement": {
              "predicates": [
                {
                  "type": "minecraft:replaceable"
                },
                {
                  "predicates": [
                    {
                      "direction": "up",
                      "offset": [
                        0,
                        -1,
                        0
                      ],
                      "type": "minecraft:has_sturdy_face"
                    },
                    {
                      "direction": "up",
                      "offset": [
                        0,
                        -2,
                        0
                      ],
                      "type": "minecraft:has_sturdy_face"
                    }
                  ],
                  "type": "minecraft:any_of"
                }
              ],
              "type": "minecraft:all_of"
            },
            "direction": "north",
            "layers": [
              {
                "height": {
                  "max_inclusive": 6,
                  "min_inclusive": 4,
                  "type": "minecraft:uniform"
                },
                "provider": {
                  "state": {
                    "Name": "minecraft:oak_log",
                    "Properties": {
                      "axis": "z"
                    }
                  },
                  "type": "minecraft:simple_state_provider"
                }
              }
            ],
            "prioritize_tip": false
          },
          "type": "minecraft:block_column"
        },
        "placement": []
      },
      {
        "feature": {
          "config": {
            "allowed_placement": {
              "predicates": [
                {
                  "type": "minecraft:replaceable"
                },
                {
                  "predicates": [
                    {
                      "direction": "up",
                      "offset": [
                        0,
                        -1,
                        0
                      ],
                      "type": "minecraft:has_sturdy_face"
                    },
                    {
                      "direction": "up",
                      "offset": [
                        0,
                        -2,
                        0
                      ],
                      "type": "minecraft:has_sturdy_face"
                    }
                  ],
                  "type": "minecraft:any_of"
                }
              ],
              "type": "minecraft:all_of"
            },
            "direction": "west",
            "layers": [
              {
                "height": {
                  "max_inclusive": 6,
                  "min_inclusive": 4,
                  "type": "minecraft:uniform"
                },
                "provider": {
                  "state": {
                    "Name": "minecraft:oak_log",
                    "Properties": {
                      "axis": "x"
                    }
                  },
                  "type": "minecraft:simple_state_provider"
                }
              }
            ],
            "prioritize_tip": false
          },
          "type": "minecraft:block_column"
        },
        "placement": []
      }
    ]
  },
  "type": "minecraft:simple_random_selector"
}