{
  "minecraft:recipes/decorations/crafting_table": {
    "criteria": {
      "unlock_right_away": "2024-09-06 20:11:31 +0000"
    },
    "done": true
  },
  "minecraft:recipes/transportation/mangrove_boat": {
    "criteria": {
      "in_water": "2024-09-06 20:15:48 +0000"
    },
    "done": true
  },
  "minecraft:recipes/transportation/acacia_boat": {
    "criteria": {
      "in_water": "2024-09-06 20:15:48 +0000"
    },
    "done": true
  },
  "minecraft:recipes/transportation/cherry_boat": {
    "criteria": {
      "in_water": "2024-09-06 20:15:48 +0000"
    },
    "done": true
  },
  "minecraft:recipes/transportation/bamboo_raft": {
    "criteria": {
      "in_water": "2024-09-06 20:15:48 +0000"
    },
    "done": true
  },
  "minecraft:recipes/transportation/spruce_boat": {
    "criteria": {
      "in_water": "2024-09-06 20:15:48 +0000"
    },
    "done": true
  },
  "minecraft:recipes/transportation/birch_boat": {
    "criteria": {
      "in_water": "2024-09-06 20:15:48 +0000"
    },
    "done": true
  },
  "minecraft:recipes/transportation/oak_boat": {
    "criteria": {
      "in_water": "2024-09-06 20:15:48 +0000"
    },
    "done": true
  },
  "minecraft:recipes/transportation/jungle_boat": {
    "criteria": {
      "in_water": "2024-09-06 20:15:48 +0000"
    },
    "done": true
  },
  "minecraft:recipes/transportation/dark_oak_boat": {
    "criteria": {
      "in_water": "2024-09-06 20:15:48 +0000"
    },
    "done": true
  },
  "minecraft:recipes/misc/blue_dye_from_cornflower": {
    "criteria": {
      "has_cornflower": "2024-09-06 20:17:33 +0000"
    },
    "done": true
  },
  "minecraft:adventure/root": {
    "criteria": {
      "killed_something": "2024-09-06 20:20:41 +0000"
    },
    "done": true
  },
  "minecraft:recipes/food/cooked_mutton_from_smoking": {
    "criteria": {
      "has_mutton": "2024-09-06 20:20:43 +0000"
    },
    "done": true
  },
  "minecraft:recipes/food/cooked_mutton": {
    "criteria": {
      "has_mutton": "2024-09-06 20:20:43 +0000"
    },
    "done": true
  },
  "minecraft:recipes/food/cooked_mutton_from_campfire_cooking": {
    "criteria": {
      "has_mutton": "2024-09-06 20:20:43 +0000"
    },
    "done": true
  },
  "minecraft:recipes/decorations/white_banner": {
    "criteria": {
      "has_white_wool": "2024-09-06 20:20:47 +0000"
    },
    "done": true
  },
  "minecraft:recipes/decorations/painting": {
    "criteria": {
      "has_wool": "2024-09-06 20:20:47 +0000"
    },
    "done": true
  },
  "minecraft:recipes/decorations/white_bed": {
    "criteria": {
      "has_white_wool": "2024-09-06 20:20:47 +0000"
    },
    "done": true
  },
  "minecraft:recipes/decorations/white_carpet": {
    "criteria": {
      "has_white_wool": "2024-09-06 20:20:47 +0000"
    },
    "done": true
  },
  "minecraft:adventure/kill_all_mobs": {
    "criteria": {
      "minecraft:skeleton": "2024-09-06 20:35:34 +0000",
      "minecraft:spider": "2024-09-07 15:53:02 +0000",
      "minecraft:zombie": "2024-09-06 20:35:30 +0000"
    },
    "done": false
  },
  "minecraft:recipes/decorations/chest": {
    "criteria": {
      "has_lots_of_items": "2024-09-06 20:50:04 +0000"
    },
    "done": true
  },
  "minecraft:recipes/decorations/glow_item_frame": {
    "criteria": {
      "has_item_frame": "2024-09-06 20:50:23 +0000"
    },
    "done": true
  },
  "minecraft:recipes/misc/book": {
    "criteria": {
      "has_paper": "2024-09-06 20:52:54 +0000"
    },
    "done": true
  },
  "minecraft:recipes/decorations/cartography_table": {
    "criteria": {
      "has_paper": "2024-09-06 20:52:54 +0000"
    },
    "done": true
  },
  "minecraft:recipes/misc/charcoal": {
    "criteria": {
      "has_log": "2024-09-06 20:53:16 +0000"
    },
    "done": true
  },
  "minecraft:recipes/building_blocks/oak_planks": {
    "criteria": {
      "has_logs": "2024-09-06 20:53:16 +0000"
    },
    "done": true
  },
  "minecraft:recipes/combat/diamond_leggings": {
    "criteria": {
      "has_diamond": "2024-09-06 20:56:39 +0000"
    },
    "done": true
  },
  "minecraft:recipes/combat/diamond_sword": {
    "criteria": {
      "has_diamond": "2024-09-06 20:56:39 +0000"
    },
    "done": true
  },
  "minecraft:recipes/decorations/jukebox": {
    "criteria": {
      "has_diamond": "2024-09-06 20:56:39 +0000"
    },
    "done": true
  },
  "minecraft:recipes/combat/diamond_chestplate": {
    "criteria": {
      "has_diamond": "2024-09-06 20:56:39 +0000"
    },
    "done": true
  },
  "minecraft:recipes/combat/diamond_helmet": {
    "criteria": {
      "has_diamond": "2024-09-06 20:56:39 +0000"
    },
    "done": true
  },
  "minecraft:recipes/tools/diamond_pickaxe": {
    "criteria": {
      "has_diamond": "2024-09-06 20:56:39 +0000"
    },
    "done": true
  },
  "minecraft:recipes/building_blocks/diamond_block": {
    "criteria": {
      "has_diamond": "2024-09-06 20:56:39 +0000"
    },
    "done": true
  },
  "minecraft:recipes/tools/diamond_hoe": {
    "criteria": {
      "has_diamond": "2024-09-06 20:56:39 +0000"
    },
    "done": true
  },
  "minecraft:recipes/tools/diamond_shovel": {
    "criteria": {
      "has_diamond": "2024-09-06 20:56:39 +0000"
    },
    "done": true
  },
  "minecraft:story/mine_diamond": {
    "criteria": {
      "diamond": "2024-09-06 20:56:39 +0000"
    },
    "done": true
  },
  "minecraft:recipes/tools/diamond_axe": {
    "criteria": {
      "has_diamond": "2024-09-06 20:56:39 +0000"
    },
    "done": true
  },
  "minecraft:recipes/combat/diamond_boots": {
    "criteria": {
      "has_diamond": "2024-09-06 20:56:39 +0000"
    },
    "done": true
  },
  "minecraft:recipes/brewing/fermented_spider_eye": {
    "criteria": {
      "has_spider_eye": "2024-09-07 15:53:02 +0000"
    },
    "done": true
  },
  "minecraft:recipes/combat/bow": {
    "criteria": {
      "has_string": "2024-09-07 15:53:02 +0000"
    },
    "done": true
  },
  "minecraft:recipes/tools/fishing_rod": {
    "criteria": {
      "has_string": "2024-09-07 15:53:02 +0000"
    },
    "done": true
  },
  "minecraft:recipes/building_blocks/white_wool_from_string": {
    "criteria": {
      "has_string": "2024-09-07 15:53:02 +0000"
    },
    "done": true
  },
  "minecraft:recipes/redstone/tripwire_hook": {
    "criteria": {
      "has_string": "2024-09-07 15:53:02 +0000"
    },
    "done": true
  },
  "minecraft:recipes/combat/crossbow": {
    "criteria": {
      "has_string": "2024-09-07 15:53:02 +0000"
    },
    "done": true
  },
  "minecraft:recipes/decorations/candle": {
    "criteria": {
      "has_string": "2024-09-07 15:53:02 +0000"
    },
    "done": true
  },
  "minecraft:recipes/decorations/loom": {
    "criteria": {
      "has_string": "2024-09-07 15:53:02 +0000"
    },
    "done": true
  },
  "minecraft:adventure/adventuring_time": {
    "criteria": {
      "snowy_plains": "2024-09-07 15:59:00 +0000",
      "plains": "2024-09-07 15:59:45 +0000",
      "savanna": "2024-09-07 15:59:09 +0000",
      "river": "2024-09-07 17:00:03 +0000"
    },
    "done": false
  },
  "blazeandcave:bacap/statistics_milestone": {
    "criteria": {
      "root": "2024-09-07 15:59:00 +0000",
      "spring_in_your_step": "2024-09-07 17:13:30 +0000",
      "the_first_night": "2024-09-07 16:02:03 +0000"
    },
    "done": false
  },
  "blazeandcave:weaponry/root": {
    "criteria": {
      "sword": "2024-09-07 15:59:00 +0000"
    },
    "done": true
  },
  "blazeandcave:challenges/stack_all_the_items": {
    "criteria": {
      "iron_ingot": "2024-09-07 16:00:05 +0000",
      "wooden_axe": "2024-09-07 16:01:19 +0000",
      "iron_axe": "2024-09-07 19:46:35 +0000",
      "diamond": "2024-09-07 15:59:00 +0000",
      "iron_sword": "2024-09-07 17:08:54 +0000",
      "netherite_sword": "2024-09-07 15:59:00 +0000",
      "wooden_sword": "2024-09-07 19:42:13 +0000"
    },
    "done": false
  },
  "blazeandcave:technical/stat_branch2_mid": {
    "criteria": {
      "root": "2024-09-07 15:59:00 +0000"
    },
    "done": true
  },
  "blazeandcave:adventure/workaholic": {
    "criteria": {
      "barrel": "2024-09-07 15:59:00 +0000"
    },
    "done": false
  },
  "blazeandcave:technical/stat_branch4_mid": {
    "criteria": {
      "root": "2024-09-07 15:59:00 +0000"
    },
    "done": true
  },
  "blazeandcave:bacap/advancement_legend": {
    "criteria": {
      "diamonds": "2024-09-07 15:59:00 +0000",
      "time_to_strike": "2024-09-07 15:59:00 +0000",
      "acquire_hardware": "2024-09-07 16:00:05 +0000",
      "bacap_root": "2024-09-07 15:59:02 +0000",
      "do_you_want_to_trade": "2024-09-07 19:49:36 +0000",
      "the_first_night": "2024-09-07 16:02:03 +0000",
      "cow_tipper": "2024-09-07 17:03:07 +0000",
      "sweet_dreams": "2024-09-07 19:49:36 +0000",
      "raise_the_flag": "2024-09-07 16:21:37 +0000",
      "weaponry_root": "2024-09-07 15:59:00 +0000",
      "time_to_chop": "2024-09-07 16:01:20 +0000",
      "viking": "2024-09-07 19:48:47 +0000",
      "help_ive_been_framed": "2024-09-07 16:27:16 +0000",
      "theres_a_zombie_on_the_lawn": "2024-09-07 16:00:14 +0000",
      "wooly": "2024-09-07 17:00:24 +0000",
      "for_you_my_sweet": "2024-09-07 16:00:14 +0000",
      "monsters_root": "2024-09-07 15:59:00 +0000",
      "statistics_root": "2024-09-07 15:59:00 +0000",
      "adventure_root": "2024-09-07 15:59:00 +0000",
      "cut_in_half": "2024-09-07 16:22:08 +0000",
      "getting_wood": "2024-09-07 19:46:50 +0000",
      "biomes_root": "2024-09-07 17:00:24 +0000",
      "heavy_metal": "2024-09-07 17:08:54 +0000",
      "diamond_miner": "2024-09-07 15:59:00 +0000",
      "just_keep_swimming": "2024-09-07 16:03:53 +0000",
      "spring_in_your_step": "2024-09-07 17:13:30 +0000",
      "stairs_no": "2024-09-07 16:22:43 +0000"
    },
    "done": false
  },
  "blazeandcave:technical/stat_branch6_mid": {
    "criteria": {
      "root": "2024-09-07 15:59:00 +0000"
    },
    "done": true
  },
  "blazeandcave:technical/stat_branch8_mid": {
    "criteria": {
      "root": "2024-09-07 15:59:00 +0000"
    },
    "done": true
  },
  "blazeandcave:challenges/all_the_blocks": {
    "criteria": {
      "white_wool": "2024-09-07 17:00:23 +0000",
      "barrel": "2024-09-07 15:59:00 +0000",
      "poppy": "2024-09-07 16:00:11 +0000",
      "spruce_slab": "2024-09-07 16:22:08 +0000",
      "oak_sapling": "2024-09-07 19:48:23 +0000",
      "anvil": "2024-09-07 17:08:52 +0000",
      "grass_block": "2024-09-07 15:59:00 +0000",
      "iron_block": "2024-09-07 17:08:52 +0000",
      "light_blue_banner": "2024-09-07 16:21:33 +0000",
      "sunflower": "2024-09-07 16:00:11 +0000",
      "dark_oak_stairs": "2024-09-07 16:22:43 +0000",
      "dandelion": "2024-09-07 17:02:39 +0000",
      "oak_log": "2024-09-07 19:48:22 +0000",
      "acacia_log": "2024-09-07 19:46:50 +0000",
      "acacia_sapling": "2024-09-07 19:46:50 +0000",
      "dark_oak_slab": "2024-09-07 16:22:20 +0000"
    },
    "done": false
  },
  "blazeandcave:building/grass_type": {
    "criteria": {
      "grass_block": "2024-09-07 15:59:00 +0000"
    },
    "done": false
  },
  "blazeandcave:challenges/explorer_of_worlds": {
    "criteria": {
      "sunflower_plains": "2024-09-07 16:00:11 +0000",
      "snowy_plains": "2024-09-07 15:59:00 +0000",
      "savanna": "2024-09-07 15:59:09 +0000",
      "plains": "2024-09-07 15:59:45 +0000",
      "river": "2024-09-07 17:00:03 +0000"
    },
    "done": false
  },
  "blazeandcave:redstone/engineer": {
    "criteria": {
      "barrel": "2024-09-07 15:59:00 +0000",
      "white_wool": "2024-09-07 17:00:23 +0000"
    },
    "done": false
  },
  "blazeandcave:redstone/master_engineer": {
    "criteria": {
      "barrel": "2024-09-07 15:59:00 +0000"
    },
    "done": false
  },
  "blazeandcave:bacap/weaponry_milestone": {
    "criteria": {
      "root": "2024-09-07 15:59:00 +0000",
      "viking": "2024-09-07 19:48:47 +0000"
    },
    "done": false
  },
  "blazeandcave:technical/stat_branch1_mid": {
    "criteria": {
      "root": "2024-09-07 15:59:00 +0000"
    },
    "done": true
  },
  "blazeandcave:bacap/root": {
    "criteria": {
      "location": "2024-09-07 15:59:00 +0000"
    },
    "done": true
  },
  "blazeandcave:statistics/root": {
    "criteria": {
      "diamond": "2024-09-07 15:59:00 +0000"
    },
    "done": true
  },
  "blazeandcave:bacap/mining_milestone": {
    "criteria": {
      "diamonds": "2024-09-07 15:59:00 +0000",
      "acquire_hardware": "2024-09-07 16:00:05 +0000",
      "diamond_miner": "2024-09-07 15:59:00 +0000"
    },
    "done": false
  },
  "blazeandcave:technical/stat_branch3_mid": {
    "criteria": {
      "root": "2024-09-07 15:59:00 +0000"
    },
    "done": true
  },
  "blazeandcave:technical/stat_branch5_mid": {
    "criteria": {
      "root": "2024-09-07 15:59:00 +0000"
    },
    "done": true
  },
  "blazeandcave:challenges/all_the_items": {
    "criteria": {
      "mutton": "2024-09-07 17:00:23 +0000",
      "wheat_seeds": "2024-09-07 19:48:22 +0000",
      "wooden_sword": "2024-09-07 19:42:13 +0000",
      "beef": "2024-09-07 19:50:36 +0000",
      "leather": "2024-09-07 17:03:07 +0000",
      "item_frame": "2024-09-07 16:27:16 +0000",
      "iron_ingot": "2024-09-07 16:00:05 +0000",
      "wooden_axe": "2024-09-07 16:01:19 +0000",
      "iron_axe": "2024-09-07 19:46:35 +0000",
      "spider_eye": "2024-09-07 15:59:00 +0000",
      "diamond": "2024-09-07 15:59:00 +0000",
      "paper": "2024-09-07 16:27:10 +0000",
      "iron_sword": "2024-09-07 17:08:54 +0000",
      "netherite_sword": "2024-09-07 15:59:00 +0000",
      "stick": "2024-09-07 19:46:53 +0000"
    },
    "done": false
  },
  "blazeandcave:bacap/monsters_milestone": {
    "criteria": {
      "root": "2024-09-07 15:59:00 +0000"
    },
    "done": false
  },
  "blazeandcave:technical/stat_branch7_mid": {
    "criteria": {
      "root": "2024-09-07 15:59:00 +0000"
    },
    "done": true
  },
  "blazeandcave:mining/diamond_miner": {
    "criteria": {
      "diamond": "2024-09-07 15:59:00 +0000"
    },
    "done": true
  },
  "blazeandcave:bacap/time_to_strike": {
    "criteria": {
      "netherite_sword": "2024-09-07 15:59:00 +0000"
    },
    "done": true
  },
  "blazeandcave:monsters/root": {
    "criteria": {
      "sword": "2024-09-07 15:59:00 +0000"
    },
    "done": true
  },
  "blazeandcave:biomes/cold_feet": {
    "criteria": {
      "snowy_plains": "2024-09-07 15:59:00 +0000"
    },
    "done": false
  },
  "blazeandcave:technical/stat_branch9_mid": {
    "criteria": {
      "root": "2024-09-07 15:59:00 +0000"
    },
    "done": true
  },
  "blazeandcave:bacap/adventure_milestone": {
    "criteria": {
      "root": "2024-09-07 15:59:00 +0000",
      "do_you_want_to_trade": "2024-09-07 19:49:36 +0000"
    },
    "done": false
  },
  "blazeandcave:challenges/stack_all_the_blocks": {
    "criteria": {
      "barrel": "2024-09-07 15:59:00 +0000",
      "spruce_slab": "2024-09-07 16:22:08 +0000",
      "anvil": "2024-09-07 17:08:52 +0000",
      "grass_block": "2024-09-07 15:59:00 +0000",
      "dark_oak_slab": "2024-09-07 16:22:20 +0000",
      "light_blue_banner": "2024-09-07 16:21:33 +0000",
      "dark_oak_stairs": "2024-09-07 16:22:43 +0000"
    },
    "done": false
  },
  "blazeandcave:biomes/warm_feet": {
    "criteria": {
      "savanna": "2024-09-07 15:59:09 +0000"
    },
    "done": false
  },
  "blazeandcave:biomes/one_with_the_forest": {
    "criteria": {
      "sunflower_plains": "2024-09-07 16:00:11 +0000",
      "plains": "2024-09-07 15:59:45 +0000"
    },
    "done": false
  },
  "minecraft:recipes/combat/iron_leggings": {
    "criteria": {
      "has_iron_ingot": "2024-09-07 16:00:05 +0000"
    },
    "done": true
  },
  "minecraft:recipes/combat/iron_chestplate": {
    "criteria": {
      "has_iron_ingot": "2024-09-07 16:00:05 +0000"
    },
    "done": true
  },
  "minecraft:recipes/misc/iron_nugget": {
    "criteria": {
      "has_iron_ingot": "2024-09-07 16:00:05 +0000"
    },
    "done": true
  },
  "minecraft:recipes/misc/bucket": {
    "criteria": {
      "has_iron_ingot": "2024-09-07 16:00:05 +0000"
    },
    "done": true
  },
  "minecraft:recipes/combat/iron_helmet": {
    "criteria": {
      "has_iron_ingot": "2024-09-07 16:00:05 +0000"
    },
    "done": true
  },
  "minecraft:recipes/transportation/minecart": {
    "criteria": {
      "has_iron_ingot": "2024-09-07 16:00:05 +0000"
    },
    "done": true
  },
  "minecraft:recipes/tools/iron_hoe": {
    "criteria": {
      "has_iron_ingot": "2024-09-07 16:00:05 +0000"
    },
    "done": true
  },
  "minecraft:story/smelt_iron": {
    "criteria": {
      "iron": "2024-09-07 16:00:05 +0000"
    },
    "done": true
  },
  "minecraft:recipes/tools/shears": {
    "criteria": {
      "has_iron_ingot": "2024-09-07 16:00:05 +0000"
    },
    "done": true
  },
  "minecraft:recipes/decorations/chain": {
    "criteria": {
      "has_iron_ingot": "2024-09-07 16:00:05 +0000"
    },
    "done": true
  },
  "minecraft:recipes/building_blocks/iron_block": {
    "criteria": {
      "has_iron_ingot": "2024-09-07 16:00:05 +0000"
    },
    "done": true
  },
  "minecraft:recipes/decorations/smithing_table": {
    "criteria": {
      "has_iron_ingot": "2024-09-07 16:00:05 +0000"
    },
    "done": true
  },
  "minecraft:recipes/combat/iron_sword": {
    "criteria": {
      "has_iron_ingot": "2024-09-07 16:00:05 +0000"
    },
    "done": true
  },
  "minecraft:recipes/tools/iron_pickaxe": {
    "criteria": {
      "has_iron_ingot": "2024-09-07 16:00:05 +0000"
    },
    "done": true
  },
  "minecraft:recipes/combat/shield": {
    "criteria": {
      "has_iron_ingot": "2024-09-07 16:00:05 +0000"
    },
    "done": true
  },
  "minecraft:recipes/redstone/hopper": {
    "criteria": {
      "has_iron_ingot": "2024-09-07 16:00:05 +0000"
    },
    "done": true
  },
  "minecraft:recipes/decorations/iron_bars": {
    "criteria": {
      "has_iron_ingot": "2024-09-07 16:00:05 +0000"
    },
    "done": true
  },
  "minecraft:recipes/combat/iron_boots": {
    "criteria": {
      "has_iron_ingot": "2024-09-07 16:00:05 +0000"
    },
    "done": true
  },
  "minecraft:recipes/decorations/lantern": {
    "criteria": {
      "has_iron_ingot": "2024-09-07 16:00:05 +0000"
    },
    "done": true
  },
  "minecraft:recipes/tools/iron_shovel": {
    "criteria": {
      "has_iron_ingot": "2024-09-07 16:00:05 +0000"
    },
    "done": true
  },
  "minecraft:recipes/redstone/iron_trapdoor": {
    "criteria": {
      "has_iron_ingot": "2024-09-07 16:00:05 +0000"
    },
    "done": true
  },
  "minecraft:recipes/tools/iron_axe": {
    "criteria": {
      "has_iron_ingot": "2024-09-07 16:00:05 +0000"
    },
    "done": true
  },
  "minecraft:recipes/redstone/iron_door": {
    "criteria": {
      "has_iron_ingot": "2024-09-07 16:00:05 +0000"
    },
    "done": true
  },
  "minecraft:recipes/redstone/heavy_weighted_pressure_plate": {
    "criteria": {
      "has_iron_ingot": "2024-09-07 16:00:05 +0000"
    },
    "done": true
  },
  "minecraft:recipes/misc/red_dye_from_poppy": {
    "criteria": {
      "has_poppy": "2024-09-07 16:00:11 +0000"
    },
    "done": true
  },
  "blazeandcave:biomes/theres_a_zombie_on_the_lawn": {
    "criteria": {
      "sunflower_plains": "2024-09-07 16:00:11 +0000"
    },
    "done": true
  },
  "minecraft:recipes/misc/yellow_dye_from_sunflower": {
    "criteria": {
      "has_sunflower": "2024-09-07 16:00:11 +0000"
    },
    "done": true
  },
  "blazeandcave:biomes/flower_power": {
    "criteria": {
      "poppy": "2024-09-07 16:00:11 +0000",
      "sunflower": "2024-09-07 16:00:11 +0000",
      "dandelion": "2024-09-07 17:02:39 +0000"
    },
    "done": false
  },
  "blazeandcave:biomes/for_you_my_sweet": {
    "criteria": {
      "sunflower": "2024-09-07 16:00:11 +0000"
    },
    "done": true
  },
  "blazeandcave:bacap/biomes_milestone": {
    "criteria": {
      "theres_a_zombie_on_the_lawn": "2024-09-07 16:00:14 +0000",
      "just_keep_swimming": "2024-09-07 16:03:53 +0000",
      "for_you_my_sweet": "2024-09-07 16:00:14 +0000",
      "root": "2024-09-07 17:00:24 +0000"
    },
    "done": false
  },
  "blazeandcave:bacap/time_to_chop": {
    "criteria": {
      "wooden_axe": "2024-09-07 16:01:19 +0000"
    },
    "done": true
  },
  "blazeandcave:statistics/the_first_night": {
    "criteria": {
      "trigger": "2024-09-07 16:02:03 +0000"
    },
    "done": true
  },
  "blazeandcave:biomes/just_keep_swimming": {
    "criteria": {
      "enter_water": "2024-09-07 16:03:52 +0000"
    },
    "done": true
  },
  "blazeandcave:technical/fail_dragon_vs": {
    "criteria": {
      "enter_water": "2024-09-07 16:03:52 +0000"
    },
    "done": true
  },
  "blazeandcave:building/no_banner_only_color": {
    "criteria": {
      "light_blue_banner": "2024-09-07 16:21:33 +0000"
    },
    "done": false
  },
  "blazeandcave:building/raise_the_flag": {
    "criteria": {
      "banner": "2024-09-07 16:21:37 +0000"
    },
    "done": true
  },
  "blazeandcave:bacap/building_milestone": {
    "criteria": {
      "cut_in_half": "2024-09-07 16:22:08 +0000",
      "help_ive_been_framed": "2024-09-07 16:27:16 +0000",
      "sweet_dreams": "2024-09-07 19:49:36 +0000",
      "raise_the_flag": "2024-09-07 16:21:37 +0000",
      "stairs_no": "2024-09-07 16:22:43 +0000"
    },
    "done": false
  },
  "minecraft:recipes/decorations/composter": {
    "criteria": {
      "has_wood_slab": "2024-09-07 16:22:08 +0000"
    },
    "done": true
  },
  "blazeandcave:building/spruce_lee": {
    "criteria": {
      "spruce_slab": "2024-09-07 16:22:08 +0000"
    },
    "done": false
  },
  "blazeandcave:building/slabs_for_days": {
    "criteria": {
      "spruce_slab": "2024-09-07 16:22:08 +0000",
      "dark_oak_slab": "2024-09-07 16:22:20 +0000"
    },
    "done": false
  },
  "blazeandcave:building/cut_in_half": {
    "criteria": {
      "slab": "2024-09-07 16:22:08 +0000"
    },
    "done": true
  },
  "minecraft:recipes/decorations/barrel": {
    "criteria": {
      "has_wood_slab": "2024-09-07 16:22:08 +0000"
    },
    "done": true
  },
  "blazeandcave:building/professor_dark_oak": {
    "criteria": {
      "dark_oak_slab": "2024-09-07 16:22:20 +0000",
      "dark_oak_stairs": "2024-09-07 16:22:43 +0000"
    },
    "done": false
  },
  "blazeandcave:building/stairs_no": {
    "criteria": {
      "stairs": "2024-09-07 16:22:43 +0000"
    },
    "done": true
  },
  "blazeandcave:building/ah_my_old_enemy": {
    "criteria": {
      "dark_oak_stairs": "2024-09-07 16:22:43 +0000"
    },
    "done": false
  },
  "blazeandcave:building/help_ive_been_framed": {
    "criteria": {
      "item_frame": "2024-09-07 16:27:16 +0000"
    },
    "done": true
  },
  "blazeandcave:biomes/wet_feet": {
    "criteria": {
      "river": "2024-09-07 17:00:03 +0000"
    },
    "done": false
  },
  "blazeandcave:animal/wooly": {
    "criteria": {
      "sheep": "2024-09-07 17:00:23 +0000"
    },
    "done": true
  },
  "blazeandcave:animal/rainbow_collection": {
    "criteria": {
      "white_wool": "2024-09-07 17:00:23 +0000"
    },
    "done": false
  },
  "blazeandcave:biomes/root": {
    "criteria": {
      "killed_something": "2024-09-07 17:00:23 +0000"
    },
    "done": true
  },
  "blazeandcave:bacap/animal_milestone": {
    "criteria": {
      "wooly": "2024-09-07 17:00:24 +0000",
      "cow_tipper": "2024-09-07 17:03:07 +0000"
    },
    "done": false
  },
  "minecraft:recipes/misc/yellow_dye_from_dandelion": {
    "criteria": {
      "has_dandelion": "2024-09-07 17:02:39 +0000"
    },
    "done": true
  },
  "minecraft:recipes/combat/leather_helmet": {
    "criteria": {
      "has_leather": "2024-09-07 17:03:07 +0000"
    },
    "done": true
  },
  "minecraft:recipes/combat/leather_leggings": {
    "criteria": {
      "has_leather": "2024-09-07 17:03:07 +0000"
    },
    "done": true
  },
  "blazeandcave:animal/cow_tipper": {
    "criteria": {
      "leather": "2024-09-07 17:03:07 +0000"
    },
    "done": true
  },
  "minecraft:recipes/combat/leather_chestplate": {
    "criteria": {
      "has_leather": "2024-09-07 17:03:07 +0000"
    },
    "done": true
  },
  "minecraft:recipes/misc/leather_horse_armor": {
    "criteria": {
      "has_leather": "2024-09-07 17:03:07 +0000"
    },
    "done": true
  },
  "minecraft:recipes/decorations/item_frame": {
    "criteria": {
      "has_leather": "2024-09-07 17:03:07 +0000"
    },
    "done": true
  },
  "minecraft:recipes/combat/leather_boots": {
    "criteria": {
      "has_leather": "2024-09-07 17:03:07 +0000"
    },
    "done": true
  },
  "blazeandcave:enchanting/heavy_metal": {
    "criteria": {
      "anvil": "2024-09-07 17:08:52 +0000"
    },
    "done": true
  },
  "blazeandcave:enchanting/baron_of_blacksmiths": {
    "criteria": {
      "anvil": "2024-09-07 17:08:52 +0000"
    },
    "done": false
  },
  "minecraft:recipes/misc/iron_ingot_from_iron_block": {
    "criteria": {
      "has_iron_block": "2024-09-07 17:08:52 +0000"
    },
    "done": true
  },
  "blazeandcave:mining/mineral_collection": {
    "criteria": {
      "iron_block": "2024-09-07 17:08:52 +0000"
    },
    "done": false
  },
  "minecraft:recipes/decorations/anvil": {
    "criteria": {
      "has_iron_block": "2024-09-07 17:08:52 +0000"
    },
    "done": true
  },
  "minecraft:recipes/misc/iron_nugget_from_smelting": {
    "criteria": {
      "has_iron_sword": "2024-09-07 17:08:54 +0000"
    },
    "done": true
  },
  "blazeandcave:bacap/enchanting_milestone": {
    "criteria": {
      "heavy_metal": "2024-09-07 17:08:54 +0000"
    },
    "done": false
  },
  "minecraft:recipes/misc/iron_nugget_from_blasting": {
    "criteria": {
      "has_iron_sword": "2024-09-07 17:08:54 +0000"
    },
    "done": true
  },
  "blazeandcave:statistics/spring_in_your_step": {
    "criteria": {
      "trigger": "2024-09-07 17:13:29 +0000"
    },
    "done": true
  },
  "minecraft:recipes/decorations/ladder": {
    "criteria": {
      "has_stick": "2024-09-07 19:46:53 +0000"
    },
    "done": true
  },
  "blazeandcave:weaponry/viking": {
    "criteria": {
      "axe": "2024-09-07 19:48:46 +0000"
    },
    "done": true
  },
  "blazeandcave:building/the_acacia_king": {
    "criteria": {
      "acacia_log": "2024-09-07 19:46:50 +0000"
    },
    "done": false
  },
  "blazeandcave:adventure/raidin_master": {
    "criteria": {
      "village_plains": "2024-09-07 19:49:35 +0000"
    },
    "done": false
  },
  "minecraft:recipes/tools/wooden_axe": {
    "criteria": {
      "has_stick": "2024-09-07 19:46:53 +0000"
    },
    "done": true
  },
  "blazeandcave:weaponry/axeman": {
    "criteria": {
      "iron_axe": "2024-09-07 19:48:46 +0000"
    },
    "done": false
  },
  "minecraft:adventure/sleep_in_bed": {
    "criteria": {
      "slept_in_bed": "2024-09-07 19:49:36 +0000"
    },
    "done": true
  },
  "blazeandcave:weaponry/multiclassed": {
    "criteria": {
      "sword": "2024-09-07 19:49:28 +0000",
      "axe": "2024-09-07 19:48:46 +0000"
    },
    "done": false
  },
  "minecraft:recipes/food/cooked_beef_from_smoking": {
    "criteria": {
      "has_beef": "2024-09-07 19:50:36 +0000"
    },
    "done": true
  },
  "blazeandcave:building/yay_i_got_my_wood": {
    "criteria": {
      "oak_log": "2024-09-07 19:48:22 +0000",
      "acacia_log": "2024-09-07 19:46:50 +0000"
    },
    "done": false
  },
  "minecraft:recipes/decorations/campfire": {
    "criteria": {
      "has_stick": "2024-09-07 19:46:53 +0000"
    },
    "done": true
  },
  "minecraft:recipes/tools/wooden_hoe": {
    "criteria": {
      "has_stick": "2024-09-07 19:46:53 +0000"
    },
    "done": true
  },
  "minecraft:recipes/tools/wooden_pickaxe": {
    "criteria": {
      "has_stick": "2024-09-07 19:46:53 +0000"
    },
    "done": true
  },
  "blazeandcave:adventure/do_you_want_to_trade": {
    "criteria": {
      "village": "2024-09-07 19:49:35 +0000"
    },
    "done": true
  },
  "minecraft:recipes/tools/wooden_shovel": {
    "criteria": {
      "has_stick": "2024-09-07 19:46:53 +0000"
    },
    "done": true
  },
  "blazeandcave:bacap/getting_wood": {
    "criteria": {
      "acacia_log": "2024-09-07 19:46:50 +0000"
    },
    "done": true
  },
  "minecraft:recipes/building_blocks/acacia_wood": {
    "criteria": {
      "has_log": "2024-09-07 19:46:50 +0000"
    },
    "done": true
  },
  "minecraft:recipes/combat/wooden_sword": {
    "criteria": {
      "has_stick": "2024-09-07 19:46:53 +0000"
    },
    "done": true
  },
  "blazeandcave:building/professor_oak": {
    "criteria": {
      "oak_log": "2024-09-07 19:48:22 +0000"
    },
    "done": false
  },
  "minecraft:recipes/building_blocks/oak_wood": {
    "criteria": {
      "has_log": "2024-09-07 19:48:22 +0000"
    },
    "done": true
  },
  "minecraft:recipes/building_blocks/acacia_planks": {
    "criteria": {
      "has_log": "2024-09-07 19:46:50 +0000"
    },
    "done": true
  },
  "minecraft:recipes/food/cooked_beef": {
    "criteria": {
      "has_beef": "2024-09-07 19:50:36 +0000"
    },
    "done": true
  },
  "minecraft:recipes/food/cooked_beef_from_campfire_cooking": {
    "criteria": {
      "has_beef": "2024-09-07 19:50:36 +0000"
    },
    "done": true
  },
  "DataVersion": 3953
}