{
	"type": "minecraft:random_patch",
	"config": {
		"tries": 18,
		"xz_spread": 4,
		"y_spread": 1,
		"feature": {
			"feature": {
				"type": "minecraft:random_selector",
				"config": {
					"features": [
						{
							"chance": 0.4,
							"feature": {
								"feature": {
									"type": "minecraft:disk",
									"config": {
										"state_provider": {
											"fallback": {
												"type": "minecraft:simple_state_provider",
												"state": {
													"Name": "minecraft:dirt"
												}
											},
											"rules": [
												{
													"if_true": {
														"type": "minecraft:matching_blocks",
														"offset": [
															0,
															1,
															0
														],
														"blocks": "minecraft:air"
													},
													"then": {
														"type": "minecraft:simple_state_provider",
														"state": {
															"Name": "minecraft:grass_block"
														}
													}
												}
											]
										},
										"target": {
											"type": "minecraft:matching_blocks",
											"blocks": "minecraft:coarse_dirt"
										},
										"radius": {
											"type": "minecraft:biased_to_bottom",
											"min_inclusive": 1,
											"max_inclusive": 2
										},
										"half_height": 1
									}
								},
								"placement": []
							}
						}
					],
					"default": {
						"feature": {
							"type": "minecraft:disk",
							"config": {
								"state_provider": {
									"fallback": {
										"type": "minecraft:simple_state_provider",
										"state": {
											"Name": "minecraft:coarse_dirt"
										}
									},
									"rules": []
								},
								"target": {
									"type": "minecraft:matching_block_tag",
									"tag": "minecraft:dirt"
								},
								"radius": {
									"type": "minecraft:biased_to_bottom",
									"min_inclusive": 1,
									"max_inclusive": 3
								},
								"half_height": 1
							}
						},
						"placement": []
					}
				}
			},
			"placement": []
		}
	}
}
