{
  "config": {
    "feature": {
      "feature": {
        "config": {
          "to_place": {
            "state": {
              "Name": "minecraft:moss_carpet"
            },
            "type": "minecraft:simple_state_provider"
          }
        },
        "type": "minecraft:simple_block"
      },
      "placement": [
        {
          "predicate": {
            "blocks": "minecraft:air",
            "type": "minecraft:matching_blocks"
          },
          "type": "minecraft:block_predicate_filter"
        },
        {
          "predicate": {
            "predicates": [
              {
                "blocks": "minecraft:spruce_log",
                "offset": [
                  0,
                  -1,
                  0
                ],
                "type": "minecraft:matching_blocks"
              },
              {
                "blocks": "minecraft:podzol",
                "offset": [
                  0,
                  -1,
                  0
                ],
                "type": "minecraft:matching_blocks"
              },
              {
                "blocks": "minecraft:mossy_cobblestone",
                "offset": [
                  0,
                  -1,
                  0
                ],
                "type": "minecraft:matching_blocks"
              }
            ],
            "type": "minecraft:any_of"
          },
          "type": "minecraft:block_predicate_filter"
        }
      ]
    },
    "tries": 64,
    "xz_spread": 3,
    "y_spread": 1
  },
  "type": "minecraft:random_patch"
}