{
  "config": {
    "feature": {
      "feature": {
        "config": {
          "to_place": {
            "state": {
              "Name": "minecraft:moss_carpet"
            },
            "type": "minecraft:simple_state_provider"
          }
        },
        "type": "minecraft:simple_block"
      },
      "placement": [
        {
          "predicate": {
            "blocks": "minecraft:air",
            "type": "minecraft:matching_blocks"
          },
          "type": "minecraft:block_predicate_filter"
        },
        {
          "predicate": {
            "predicates": [
              {
                "offset": [
                  0,
                  -1,
                  0
                ],
                "tag": "minecraft:base_stone_overworld",
                "type": "minecraft:matching_block_tag"
              },
              {
                "offset": [
                  0,
                  -2,
                  0
                ],
                "tag": "minecraft:base_stone_overworld",
                "type": "minecraft:matching_block_tag"
              },
              {
                "predicates": [
                  {
                    "blocks": "minecraft:air",
                    "offset": [
                      1,
                      -2,
                      0
                    ],
                    "type": "minecraft:matching_blocks"
                  },
                  {
                    "blocks": "minecraft:air",
                    "offset": [
                      -1,
                      -2,
                      0
                    ],
                    "type": "minecraft:matching_blocks"
                  },
                  {
                    "blocks": "minecraft:air",
                    "offset": [
                      0,
                      -2,
                      1
                    ],
                    "type": "minecraft:matching_blocks"
                  },
                  {
                    "blocks": "minecraft:air",
                    "offset": [
                      0,
                      -2,
                      -1
                    ],
                    "type": "minecraft:matching_blocks"
                  },
                  {
                    "blocks": "minecraft:air",
                    "offset": [
                      -1,
                      -2,
                      -1
                    ],
                    "type": "minecraft:matching_blocks"
                  },
                  {
                    "blocks": "minecraft:air",
                    "offset": [
                      1,
                      -2,
                      -1
                    ],
                    "type": "minecraft:matching_blocks"
                  },
                  {
                    "blocks": "minecraft:air",
                    "offset": [
                      1,
                      -2,
                      1
                    ],
                    "type": "minecraft:matching_blocks"
                  },
                  {
                    "blocks": "minecraft:air",
                    "offset": [
                      -1,
                      -2,
                      1
                    ],
                    "type": "minecraft:matching_blocks"
                  }
                ],
                "type": "minecraft:any_of"
              }
            ],
            "type": "minecraft:all_of"
          },
          "type": "minecraft:block_predicate_filter"
        }
      ]
    },
    "tries": 256,
    "xz_spread": 3,
    "y_spread": 3
  },
  "type": "minecraft:random_patch"
}