{
	"type": "minecraft:tree",
	"config": {
		"ignore_vines": true,
		"force_dirt": false,
		"minimum_size": {
			"type": "minecraft:three_layers_feature_size",
			"limit": 1,
			"upper_limit": 1,
			"lower_size": 0,
			"middle_size": 1,
			"upper_size": 2
		},
		"dirt_provider": {
			"type": "minecraft:simple_state_provider",
			"state": {
				"Name": "minecraft:dark_oak_log"
			}
		},
		"trunk_provider": {
			"type": "minecraft:simple_state_provider",
			"state": {
				"Name": "minecraft:dark_oak_log",
				"Properties": {
					"axis": "y"
				}
			}
		},
		"foliage_provider": {
			"type": "minecraft:simple_state_provider",
			"state": {
				"Name": "minecraft:dark_oak_leaves",
				"Properties": {
					"distance": "7",
					"persistent": "false",
					"waterlogged": "false"
				}
			}
		},
		"trunk_placer": {
			"type": "minecraft:dark_oak_trunk_placer",
			"base_height": 6,
			"height_rand_a": 2,
			"height_rand_b": 3
		},
		"foliage_placer": {
			"type": "minecraft:dark_oak_foliage_placer",
			"radius": {
				"type": "minecraft:biased_to_bottom",
				"value": {
					"min_inclusive": 0,
					"max_inclusive": 1
				}
			},
			"offset": 0
		},
		"decorators": [
			{
				"type": "minecraft:leave_vine",
				"probability": 0.02
			}
		]
	}
}
