{
	"type": "minecraft:tree",
	"config": {
		"ignore_vines": true,
		"force_dirt": false,
		"minimum_size": {
			"type": "minecraft:three_layers_feature_size",
			"limit": 1,
			"upper_limit": 1,
			"lower_size": 0,
			"middle_size": 1,
			"upper_size": 2
		},
		"dirt_provider": {
			"type": "minecraft:simple_state_provider",
			"state": {
				"Name": "minecraft:dirt"
			}
		},
		"trunk_provider": {
			"type": "minecraft:simple_state_provider",
			"state": {
				"Name": "minecraft:dark_oak_log",
				"Properties": {
					"axis": "y"
				}
			}
		},
		"foliage_provider": {
			"type": "minecraft:simple_state_provider",
			"state": {
				"Name": "minecraft:dark_oak_leaves",
				"Properties": {
					"distance": "7",
					"persistent": "false",
					"waterlogged": "false"
				}
			}
		},
		"trunk_placer": {
			"type": "minecraft:cherry_trunk_placer",
			"base_height": 6,
			"height_rand_a": 1,
			"height_rand_b": 2,
			"branch_count": {
				"type": "minecraft:uniform",
				"value": {
					"min_inclusive": 1,
					"max_inclusive": 2
				}
			},
			"branch_horizontal_length": {
				"type": "minecraft:biased_to_bottom",
				"value": {
					"min_inclusive": 2,
					"max_inclusive": 3
				}
			},
			"branch_start_offset_from_top": {
				"min_inclusive": -1,
				"max_inclusive": 0
			},
			"branch_end_offset_from_top": 0
		},
		"foliage_placer": {
			"type": "minecraft:acacia_foliage_placer",
			"radius": {
				"type": "minecraft:uniform",
				"value": {
					"min_inclusive": 2,
					"max_inclusive": 3
				}
			},
			"offset": 0
		},
		"decorators": []
	}
}
