{
  "config": {
    "feature": {
      "feature": {
        "config": {
          "to_place": {
            "entries": [
              {
                "data": {
                  "Name": "minecraft:poppy"
                },
                "weight": 2
              },
              {
                "data": {
                  "Name": "minecraft:dandelion"
                },
                "weight": 1
              }
            ],
            "type": "minecraft:weighted_state_provider"
          }
        },
        "type": "minecraft:simple_block"
      },
      "placement": [
        {
          "predicate": {
            "blocks": "minecraft:air",
            "type": "minecraft:matching_blocks"
          },
          "type": "minecraft:block_predicate_filter"
        }
      ]
    },
    "tries": 8,
    "xz_spread": 2,
    "y_spread": 1
  },
  "type": "minecraft:random_patch"
}